"Designator","Footprint","Mid X","Mid Y","Ref X","Ref Y","Pad X","Pad Y","Layer","Rotation","Comment"
""
"R69","0805","73.4mm","-22.1mm","73.4mm","-22.1mm","74.275mm","-22.1mm","B","180.00","0R"
"J6","53261-0571","74mm","-26.025mm","74mm","-27.5mm","76.5mm","-24.55mm","B","180.00","53261-0571"
"C4","C0402","78.2mm","13mm","78.2mm","13mm","78.5536mm","13.3536mm","T","225.00","100nF"
"Q11","SOT-23","86.4mm","-18.9mm","86.4mm","-18.9mm","87.4mm","-18.9mm","T","270.00","BSS123"
"D25","SMB","108.5mm","20mm","108.5mm","20mm","108.5mm","17.86mm","T","90.00","SMBJ70A-TR"
"R68","0402","72.2mm","-7.6mm","72.2mm","-7.6mm","72.7mm","-7.6mm","T","180.00","10k"
"R67","0402","69.8mm","0.5mm","69.8mm","0.5mm","69.8mm","0mm","T","90.00","470"
"D24","D-0805","69.8mm","-2.3mm","69.8mm","-2.3mm","69.8mm","-1.25mm","T","270.00","Green"
"U2","AI-1027-TWT","90mm","-24.7mm","90mm","-24.7mm","90mm","-27.2mm","T","90.00","AI-1027-TWT-5V"
"R35","0805","90.5mm","-11.3mm","90.5mm","-11.3mm","90.5mm","-12.175mm","T","90.00","100R"
"R34","0805","110.5mm","9mm","110.5mm","9mm","110.5mm","8.125mm","T","90.00","10M"
"R32","0603","91.5mm","-18.2mm","91.5mm","-18.2mm","90.65mm","-18.2mm","T","360.00","100R"
"R31","0805","104.5mm","-11.9mm","104.5mm","-11.9mm","104.5mm","-11.025mm","T","270.00","10M"
"R30","0805","117.7mm","5mm","117.7mm","5mm","117.7mm","4.125mm","T","90.00","10M"
"R29","0805","122mm","-4.1mm","122mm","-4.1mm","121.125mm","-4.1mm","T","360.00","10K"
"R28","0805","92.3mm","-11.3mm","92.3mm","-11.3mm","92.3mm","-12.175mm","T","90.00","100R"
"R27","0805","91.5mm","-14.8mm","91.5mm","-14.8mm","90.625mm","-14.8mm","T","360.00","100R"
"R26","0603","91.5mm","-7.7mm","91.5mm","-7.7mm","90.65mm","-7.7mm","T","360.00","100R"
"R14","0402","79.4929mm","0.1929mm","79.4929mm","0.1929mm","79.1393mm","0.5464mm","T","315.00","4.75k"
"R13","0402","80.2mm","0.9mm","80.2mm","0.9mm","79.8465mm","1.2535mm","T","315.00","4.75k"
"R49","0402","80.9071mm","1.6071mm","80.9071mm","1.6071mm","80.5536mm","1.9607mm","T","315.00","4.75k"
"R3","0805","75.2mm","23.2mm","75.2mm","23.2mm","76.075mm","23.2mm","T","180.00","100R"
"D5","SOD-323","118.5mm","-4.1mm","118.5mm","-4.1mm","117.375mm","-4.1mm","T","360.00","BAT54"
"C24","C-0805","91.5mm","-16.6mm","91.5mm","-16.6mm","92.375mm","-16.6mm","T","180.00","10nF"
"C23","C-0805","87.5mm","-7.6mm","87.5mm","-7.6mm","87.5mm","-6.725mm","T","270.00","10nF"
"C18","C0603","58.5mm","-14.6mm","58.5mm","-14.6mm","58.5mm","-13.75mm","T","270.00","2.2uF"
"C16","C0603","64mm","-21.5mm","64mm","-21.5mm","64.85mm","-21.5mm","T","180.00","2.2uF"
"C15","C0603","61.7mm","-13.5mm","61.7mm","-13.5mm","62.55mm","-13.5mm","T","180.00","2.2uF"
"R39_CELL12","0805","33.5mm","24.7mm","33.5mm","24.7mm","33.5mm","23.825mm","T","90.00","0R"
"R39_CELL11","0805","33.5mm","20.1mm","33.5mm","20.1mm","33.5mm","19.225mm","T","90.00","0R"
"R39_CELL10","0805","33.5mm","15.5mm","33.5mm","15.5mm","33.5mm","14.625mm","T","90.00","0R"
"R39_CELL9","0805","33.5mm","10.9mm","33.5mm","10.9mm","33.5mm","10.025mm","T","90.00","0R"
"R39_CELL8","0805","33.5mm","6.3mm","33.5mm","6.3mm","33.5mm","5.425mm","T","90.00","0R"
"R39_CELL7","0805","33.5mm","1.7mm","33.5mm","1.7mm","33.5mm","0.825mm","T","90.00","0R"
"R39_CELL6","0805","33.5mm","-2.9mm","33.5mm","-2.9mm","33.5mm","-3.775mm","T","90.00","0R"
"R39_CELL5","0805","33.5mm","-7.5mm","33.5mm","-7.5mm","33.5mm","-8.375mm","T","90.00","0R"
"R39_CELL4","0805","33.5mm","-12.1mm","33.5mm","-12.1mm","33.5mm","-12.975mm","T","90.00","0R"
"R39_CELL3","0805","33.5mm","-16.7mm","33.5mm","-16.7mm","33.5mm","-17.575mm","T","90.00","0R"
"R39_CELL2","0805","33.5mm","-21.3mm","33.5mm","-21.3mm","33.5mm","-22.175mm","T","90.00","0R"
"R39_CELL1","0805","33.5mm","-25.9mm","33.5mm","-25.9mm","33.5mm","-26.775mm","T","90.00","0R"
"D7","D2-PAK","127.2mm","-9.3mm","128.5mm","-9.3mm","121.9mm","-6.76mm","T","270.00","STPS41H100CG"
"X1","XTAL150SMD_125X196","70.4mm","11.8mm","70.4mm","11.8mm","69.0566mm","10.4566mm","T","45.00","8MHz"
"R11","FCSL110","100.0001mm","9.0001mm","100mm","9mm","100mm","7.3mm","T","180.00","1mOhm"
"R9","0402","71.7mm","0.5mm","71.7mm","0.5mm","71.7mm","0mm","T","90.00","470"
"R5","0402","66mm","-14mm","66mm","-14mm","66mm","-13.5mm","T","270.00","240"
"R4","0402","65mm","-14mm","65mm","-14mm","65mm","-13.5mm","T","270.00","240"
"L1","WE-TPC_4828,_MH","82mm","19.5mm","82mm","19.5mm","82mm","17.225mm","T","90.00","150uH 0.42A"
"J11","EVQPLM","61.2mm","15.4mm","61.2mm","15.4mm","58.8mm","13.55mm","T","90.00","EVQPLMA15"
"J10","53261-0571","72mm","26.075mm","72mm","27.55mm","69.5mm","24.6mm","B","360.00","53261-0571"
"J8","7460408_HAL_Surface","130mm","20mm","130mm","20mm","126.19mm","18.73mm","T","0.00","M5 Bush"
"J3","7460408_HAL_Surface","100mm","-20mm","100mm","-20mm","96.19mm","-21.27mm","T","0.00","M5 Bush"
"J2","7460408_HAL_Surface","100mm","20mm","100mm","20mm","96.19mm","18.73mm","T","0.00","M5 Bush"
"J1","7460408_HAL_Surface","130mm","-20mm","130mm","-20mm","126.19mm","-21.27mm","T","0.00","M5 Bush"
"IC6","MSOP10","83.9mm","-4mm","83.9mm","-4mm","81.7mm","-3mm","T","360.00","ISL28022"
"IC5","QFN24","61.9mm","-17.7mm","61.9mm","-17.7mm","63.15mm","-15.7mm","T","270.00","CP2104-F03-GM"
"IC3","PWSON10","87mm","19.5mm","87mm","19.5mm","86mm","18.025mm","T","360.00","LM5165YDRCT"
"IC2","SO-8","76.7mm","-3.7mm","76.7mm","-3.7mm","74.1mm","-1.795mm","T","360.00","W25Q128FVSIG"
"IC1","LQFP48","75.6mm","5.8mm","75.6mm","5.8mm","74.5323mm","10.7568mm","T","315.00","STM32F303CCT6"
"D3","SOT23","60.7mm","-22.3mm","60.7mm","-22.3mm","60.7mm","-21.25mm","T","360.00","SP0502BAHTG"
"D4","D-0805","71.7mm","-2.3mm","71.7mm","-2.3mm","71.7mm","-1.25mm","T","270.00","Green"
"C10","C0402","69.4mm","14.2mm","69.4mm","14.2mm","69.0464mm","13.8465mm","T","45.00","18pF"
"C9","C0402","68mm","12.8mm","68mm","12.8mm","68.3535mm","13.1535mm","T","225.00","18pF"
"J13","53398-0571","72mm","19.2mm","72mm","20.5mm","74.5mm","17.9mm","T","180.00","53398-0571"
"J7","USB3075_-_NOSLOT","61mm","-26.725mm","61mm","-29.5mm","59.7mm","-25.4mm","T","360.00","USB3075"
"J14","53398-0571","72mm","26.3mm","72mm","27.6mm","74.5mm","25mm","T","180.00","53398-0571"
"C13","C0402","72.1mm","-22.9mm","72.1mm","-22.9mm","71.6mm","-22.9mm","T","360.00","1uF"
"C14","C0402","80.1mm","-21.7mm","80.1mm","-21.7mm","80.1mm","-22.2mm","T","90.00","100nF"
"C20","C-0805","90mm","-2mm","90mm","-2mm","90mm","-2.875mm","T","90.00","100nF"
"C21","C-0805","91.8mm","-2mm","91.8mm","-2mm","91.8mm","-2.875mm","T","90.00","100nF"
"C22","C-0805","88.2mm","-2mm","88.2mm","-2mm","88.2mm","-2.875mm","T","90.00","100nF"
"D1","SOT23","77.8mm","-22.2mm","77.8mm","-22.2mm","77.8mm","-23.25mm","T","180.00","ESDA6V1L"
"D6","FSOP4","69.3mm","-15.3mm","69.3mm","-15.3mm","68.665mm","-18.475mm","T","90.00","HMHA2801"
"J4","7460408_HAL_Surface","10mm","20mm","10mm","20mm","6.19mm","18.73mm","T","0.00","M5 Bush"
"J5","7460408_HAL_Surface","10mm","-20mm","10mm","-20mm","6.19mm","-21.27mm","T","0.00","M5 Bush"
"J9","53261-0571","74mm","-26.025mm","74mm","-27.5mm","71.5mm","-24.55mm","T","360.00","53261-0571"
"R2","0603","70.1mm","-22.1mm","70.1mm","-22.1mm","70.1mm","-21.25mm","T","270.00","2.2K"
"R15","0603","88.6mm","1.6mm","88.6mm","1.6mm","88.6mm","0.75mm","T","90.00","10R"
"R16","0603","90.1mm","1.6mm","90.1mm","1.6mm","90.1mm","0.75mm","T","90.00","10R"
"R17","0603","91.6mm","1.6mm","91.6mm","1.6mm","91.6mm","0.75mm","T","90.00","10R"
"C19","C-1206","83mm","-28.1mm","83mm","-28.1mm","84.5mm","-28.1mm","T","180.00","10nF"
"IC4","PDSO8","76.27mm","-14.4mm","80.08mm","-9.9mm","80.08mm","-9.9mm","T","270.00","ISO1050DUBR"
"R10","1206","82.6mm","-25.9mm","82.6mm","-25.9mm","83.95mm","-25.9mm","T","180.00","1M"
"IC7","TSSOP16","85.3mm","-13.3mm","85.3mm","-13.3mm","87.575mm","-10.5mm","T","270.00","BQ76200PW"
"Q1","D2PAK7","126.9mm","2.5mm","128.1mm","2.5mm","121.925mm","6.31mm","T","270.00","IRF2907ZS"
"Q2","D2PAK7","110.5mm","-6.1mm","110.5mm","-4.9mm","106.69mm","-11.075mm","T","0.00","IRF2907ZS"
"Q3","D2PAK7","98.5mm","-6.1mm","98.5mm","-4.9mm","94.69mm","-11.075mm","T","0.00","IRF2907ZS"
"R21","0603","83.9mm","-18.9mm","83.9mm","-18.9mm","83.9mm","-18.05mm","T","270.00","33K"
"R22","0402","85.9mm","-8mm","85.9mm","-8mm","85.9mm","-7.5mm","T","270.00","10k"
"R23","0402","84.9mm","-8mm","84.9mm","-8mm","84.9mm","-7.5mm","T","270.00","10k"
"R24","0402","83.9mm","-8mm","83.9mm","-8mm","83.9mm","-7.5mm","T","270.00","10k"
"R25","0402","82.9mm","-8mm","82.9mm","-8mm","82.9mm","-7.5mm","T","270.00","10k"
"D2","FSOP4","118mm","-9.3mm","118mm","-9.3mm","118.635mm","-6.125mm","T","270.00","HMHA2801"
"Q4","D-PAK","116.825mm","10.7mm","117.2mm","10.7mm","113.7mm","13mm","T","270.00","IRFR6215"
"R33","SM_3","130mm","11mm","130mm","11mm","125.9mm","11mm","T","360.00","18R"
"U1","SSOP44","61.5mm","-1.8mm","61.5mm","-1.8mm","58.025mm","3.45mm","T","360.00","LTC6803-2"
"C25_CELL1","C-0805","52.6mm","-25.6mm","52.6mm","-25.6mm","52.6mm","-26.475mm","T","90.00","100nF"
"C25_CELL2","C-0805","52.6mm","-21mm","52.6mm","-21mm","52.6mm","-21.875mm","T","90.00","100nF"
"C25_CELL3","C-0805","52.6mm","-16.4mm","52.6mm","-16.4mm","52.6mm","-17.275mm","T","90.00","100nF"
"C25_CELL4","C-0805","52.6mm","-11.8mm","52.6mm","-11.8mm","52.6mm","-12.675mm","T","90.00","100nF"
"C25_CELL5","C-0805","52.6mm","-7.2mm","52.6mm","-7.2mm","52.6mm","-8.075mm","T","90.00","100nF"
"C25_CELL6","C-0805","52.6mm","-2.6mm","52.6mm","-2.6mm","52.6mm","-3.475mm","T","90.00","100nF"
"C25_CELL7","C-0805","52.6mm","2mm","52.6mm","2mm","52.6mm","1.125mm","T","90.00","100nF"
"C25_CELL8","C-0805","52.6mm","6.6mm","52.6mm","6.6mm","52.6mm","5.725mm","T","90.00","100nF"
"C25_CELL9","C-0805","52.6mm","11.2mm","52.6mm","11.2mm","52.6mm","10.325mm","T","90.00","100nF"
"C25_CELL10","C-0805","52.6mm","15.8mm","52.6mm","15.8mm","52.6mm","14.925mm","T","90.00","100nF"
"C25_CELL11","C-0805","52.6mm","20.4mm","52.6mm","20.4mm","52.6mm","19.525mm","T","90.00","100nF"
"C25_CELL12","C-0805","52.6mm","25mm","52.6mm","25mm","52.6mm","24.125mm","T","90.00","100nF"
"Q5_CELL1","SOT-23","44.8mm","-25.6mm","44.8mm","-25.6mm","43.8mm","-25.6mm","T","90.00","TSM2323"
"Q5_CELL2","SOT-23","44.8mm","-21mm","44.8mm","-21mm","43.8mm","-21mm","T","90.00","TSM2323"
"Q5_CELL3","SOT-23","44.8mm","-16.4mm","44.8mm","-16.4mm","43.8mm","-16.4mm","T","90.00","TSM2323"
"Q5_CELL4","SOT-23","44.8mm","-11.8mm","44.8mm","-11.8mm","43.8mm","-11.8mm","T","90.00","TSM2323"
"Q5_CELL5","SOT-23","44.8mm","-7.2mm","44.8mm","-7.2mm","43.8mm","-7.2mm","T","90.00","TSM2323"
"Q5_CELL6","SOT-23","44.8mm","-2.6mm","44.8mm","-2.6mm","43.8mm","-2.6mm","T","90.00","TSM2323"
"Q5_CELL7","SOT-23","44.8mm","2mm","44.8mm","2mm","43.8mm","2mm","T","90.00","TSM2323"
"Q5_CELL8","SOT-23","44.8mm","6.6mm","44.8mm","6.6mm","43.8mm","6.6mm","T","90.00","TSM2323"
"Q5_CELL9","SOT-23","44.8mm","11.2mm","44.8mm","11.2mm","43.8mm","11.2mm","T","90.00","TSM2323"
"Q5_CELL10","SOT-23","44.8mm","15.8mm","44.8mm","15.8mm","43.8mm","15.8mm","T","90.00","TSM2323"
"Q5_CELL11","SOT-23","44.8mm","20.4mm","44.8mm","20.4mm","43.8mm","20.4mm","T","90.00","TSM2323"
"Q5_CELL12","SOT-23","44.8mm","25mm","44.8mm","25mm","43.8mm","25mm","T","90.00","TSM2323"
"R36_CELL1","0603","48.3mm","-24.6mm","48.3mm","-24.6mm","47.45mm","-24.6mm","T","360.00","100R"
"R36_CELL2","0603","48.3mm","-20mm","48.3mm","-20mm","47.45mm","-20mm","T","360.00","100R"
"R36_CELL3","0603","48.3mm","-15.4mm","48.3mm","-15.4mm","47.45mm","-15.4mm","T","360.00","100R"
"R36_CELL4","0603","48.3mm","-10.8mm","48.3mm","-10.8mm","47.45mm","-10.8mm","T","360.00","100R"
"R36_CELL5","0603","48.3mm","-6.2mm","48.3mm","-6.2mm","47.45mm","-6.2mm","T","360.00","100R"
"R36_CELL6","0603","48.3mm","-1.6mm","48.3mm","-1.6mm","47.45mm","-1.6mm","T","360.00","100R"
"R36_CELL7","0603","48.3mm","3mm","48.3mm","3mm","47.45mm","3mm","T","360.00","100R"
"R36_CELL8","0603","48.3mm","7.6mm","48.3mm","7.6mm","47.45mm","7.6mm","T","360.00","100R"
"R36_CELL9","0603","48.3mm","12.2mm","48.3mm","12.2mm","47.45mm","12.2mm","T","360.00","100R"
"R36_CELL10","0603","48.3mm","16.8mm","48.3mm","16.8mm","47.45mm","16.8mm","T","360.00","100R"
"R36_CELL11","0603","48.3mm","21.4mm","48.3mm","21.4mm","47.45mm","21.4mm","T","360.00","100R"
"R36_CELL12","0603","48.3mm","26mm","48.3mm","26mm","47.45mm","26mm","T","360.00","100R"
"R37_CELL1","0603","48.3mm","-26.6mm","48.3mm","-26.6mm","47.45mm","-26.6mm","T","360.00","3.3K"
"R37_CELL2","0603","48.3mm","-22mm","48.3mm","-22mm","47.45mm","-22mm","T","360.00","3.3K"
"R37_CELL3","0603","48.3mm","-17.4mm","48.3mm","-17.4mm","47.45mm","-17.4mm","T","360.00","3.3K"
"R37_CELL4","0603","48.3mm","-12.8mm","48.3mm","-12.8mm","47.45mm","-12.8mm","T","360.00","3.3K"
"R37_CELL5","0603","48.3mm","-8.2mm","48.3mm","-8.2mm","47.45mm","-8.2mm","T","360.00","3.3K"
"R37_CELL6","0603","48.3mm","-3.6mm","48.3mm","-3.6mm","47.45mm","-3.6mm","T","360.00","3.3K"
"R37_CELL7","0603","48.3mm","1mm","48.3mm","1mm","47.45mm","1mm","T","360.00","3.3K"
"R37_CELL8","0603","48.3mm","5.6mm","48.3mm","5.6mm","47.45mm","5.6mm","T","360.00","3.3K"
"R37_CELL9","0603","48.3mm","10.2mm","48.3mm","10.2mm","47.45mm","10.2mm","T","360.00","3.3K"
"R37_CELL10","0603","48.3mm","14.8mm","48.3mm","14.8mm","47.45mm","14.8mm","T","360.00","3.3K"
"R37_CELL11","0603","48.3mm","19.4mm","48.3mm","19.4mm","47.45mm","19.4mm","T","360.00","3.3K"
"R37_CELL12","0603","48.3mm","24mm","48.3mm","24mm","47.45mm","24mm","T","360.00","3.3K"
"R38_CELL1","2512","38.8mm","-25.6mm","38.8mm","-25.6mm","35.65mm","-25.6mm","T","360.00","10R"
"R38_CELL2","2512","38.8mm","-21mm","38.8mm","-21mm","35.65mm","-21mm","T","360.00","10R"
"R38_CELL3","2512","38.8mm","-16.4mm","38.8mm","-16.4mm","35.65mm","-16.4mm","T","360.00","10R"
"R38_CELL4","2512","38.8mm","-11.8mm","38.8mm","-11.8mm","35.65mm","-11.8mm","T","360.00","10R"
"R38_CELL5","2512","38.8mm","-7.2mm","38.8mm","-7.2mm","35.65mm","-7.2mm","T","360.00","10R"
"R38_CELL6","2512","38.8mm","-2.6mm","38.8mm","-2.6mm","35.65mm","-2.6mm","T","360.00","10R"
"R38_CELL7","2512","38.8mm","2mm","38.8mm","2mm","35.65mm","2mm","T","360.00","10R"
"R38_CELL8","2512","38.8mm","6.6mm","38.8mm","6.6mm","35.65mm","6.6mm","T","360.00","10R"
"R38_CELL9","2512","38.8mm","11.2mm","38.8mm","11.2mm","35.65mm","11.2mm","T","360.00","10R"
"R38_CELL10","2512","38.8mm","15.8mm","38.8mm","15.8mm","35.65mm","15.8mm","T","360.00","10R"
"R38_CELL11","2512","38.8mm","20.4mm","38.8mm","20.4mm","35.65mm","20.4mm","T","360.00","10R"
"R38_CELL12","2512","38.8mm","25mm","38.8mm","25mm","35.65mm","25mm","T","360.00","10R"
"C11","C0402","79.6mm","-7.9mm","79.6mm","-7.9mm","79.1mm","-7.9mm","T","360.00","100nF"
"C12","C0402","79.6mm","-6.9mm","79.6mm","-6.9mm","79.1mm","-6.9mm","T","360.00","1uF"
"C1","C0402","70.9mm","9.1mm","70.9mm","9.1mm","71.2536mm","9.4535mm","T","225.00","100nF"
"C2","C0402","73.3mm","0.1mm","73.3mm","0.1mm","72.9464mm","0.4536mm","T","315.00","100nF"
"C3","C0402","81.4mm","3.5mm","81.4mm","3.5mm","81.0464mm","3.1465mm","T","45.00","100nF"
"C5","C0402","67.5mm","6.2mm","67.5mm","6.2mm","67mm","6.2mm","T","0.00","100nF"
"C6","C0402","72.4mm","-5.1mm","72.4mm","-5.1mm","72.4mm","-5.6mm","T","90.00","100nF"
"C7","C0402","81.2mm","-1.3mm","81.2mm","-1.3mm","81.2mm","-0.8mm","T","270.00","100nF"
"C26","C0603","88.9mm","-11.3mm","88.9mm","-11.3mm","88.9mm","-12.15mm","T","90.00","1uF"
"C27","C0402","67.5mm","8.3mm","67.5mm","8.3mm","67mm","8.3mm","T","360.00","100nF"
"C28","C0402","87.8mm","-4.8mm","87.8mm","-4.8mm","87.8mm","-4.3mm","T","270.00","100nF"
"C29","C0402","88.9mm","-4.8mm","88.9mm","-4.8mm","88.9mm","-4.3mm","T","270.00","1uF"
"C30","C-0805","90.9mm","-5.3mm","90.9mm","-5.3mm","90.9mm","-4.425mm","T","270.00","10nF"
"C31","C-1206","84.5mm","14.8mm","84.5mm","14.8mm","83mm","14.8mm","T","360.00","1uF"
"C32","C-1206","89.6mm","14.8mm","89.6mm","14.8mm","91.1mm","14.8mm","T","180.00","1uF"
"C33","C0603","90.6mm","16.8mm","90.6mm","16.8mm","91.45mm","16.8mm","T","180.00","47nF"
"C34","C-0805","84.4mm","27.8mm","84.4mm","27.8mm","84.4mm","28.675mm","T","270.00","10uF"
"C35","C-0805","82mm","27.8mm","82mm","27.8mm","82mm","28.675mm","T","270.00","10uF"
"C36","C-0805","79.6mm","27.8mm","79.6mm","27.8mm","79.6mm","28.675mm","T","270.00","10uF"
"D8","SMB","121.5mm","-25.5mm","121.5mm","-25.5mm","121.5mm","-27.64mm","T","90.00","SMBJ70A-TR"
"D9","SMB","108.5mm","-25.5mm","108.5mm","-25.5mm","108.5mm","-27.64mm","T","90.00","SMBJ70A-TR"
"D10","SOD123","114.1mm","5.8mm","114.1mm","5.8mm","112.425mm","5.8mm","T","360.00","BZT52C16"
"D11","SOD123","80.5mm","13.8mm","80.5mm","13.8mm","79.3156mm","14.9844mm","T","315.00","BZT52C16"
"D12","SOD123","108mm","9.6mm","108mm","9.6mm","108mm","11.275mm","T","270.00","BZT52C16"
"D13","SOD123","87.2mm","6.5mm","87.2mm","6.5mm","87.2mm","8.175mm","T","270.00","1N4148W"
"D14","SOD123","90.5mm","11.3mm","90.5mm","11.3mm","90.5mm","9.625mm","T","90.00","1N4148W"
"D15","SOD123","85.9mm","0.5mm","85.9mm","0.5mm","85.9mm","-1.175mm","T","90.00","1N4148W"
"D16","SOD123","91.8mm","6.5mm","91.8mm","6.5mm","91.8mm","4.825mm","T","90.00","1N4148W"
"D17","SOD123","108.3mm","-15mm","108.3mm","-15mm","109.975mm","-15mm","T","180.00","BZT52C16"
"F1","F1206","100mm","27.5mm","98.4mm","27.5mm","98.4mm","27.5mm","T","360.00","4A, 63V"
"Q6","SOT-23","84.4mm","11.7mm","84.4mm","11.7mm","85.4mm","11.7mm","T","270.00","BSS123"
"Q7","SOT-23","84.4mm","8.2mm","84.4mm","8.2mm","85.4mm","8.2mm","T","270.00","BSS123"
"Q8","SOT-23","75.6mm","13.1mm","75.6mm","13.1mm","75.6mm","12.1mm","T","180.00","BSS123"
"Q9","SOT-23","84.3mm","4.8mm","84.3mm","4.8mm","83.3mm","4.8mm","T","90.00","BSS123"
"Q10","SOT-23","69.3mm","-9.3mm","69.3mm","-9.3mm","69.3mm","-10.3mm","T","180.00","BSS123"
"R1","0402","67.5mm","7.2mm","67.5mm","7.2mm","68mm","7.2mm","T","180.00","10k"
"R6","2512","21mm","-27mm","21mm","-27mm","17.85mm","-27mm","T","360.00","33R"
"R7","2512","21mm","27mm","21mm","27mm","17.85mm","27mm","T","360.00","33R"
"R8","0402","79.8mm","11.4mm","79.8mm","11.4mm","80.1535mm","11.7536mm","T","225.00","1.5k"
"R18","0402","80.5071mm","10.6929mm","80.5071mm","10.6929mm","80.1535mm","10.3393mm","T","45.00","4.75k"
"R19","0402","81.2142mm","9.9858mm","81.2142mm","9.9858mm","80.8607mm","9.6322mm","T","45.00","4.75k"
"R20","0402","79.0929mm","12.1071mm","79.0929mm","12.1071mm","78.7393mm","11.7536mm","T","45.00","4.75k"
"R40","0603","83.9mm","-22.3mm","83.9mm","-22.3mm","83.9mm","-23.15mm","T","90.00","2.2K"
"R41","0805","79.6mm","24.5mm","79.6mm","24.5mm","79.6mm","25.375mm","T","270.00","1R"
"R42","0805","87.8mm","10.4mm","87.8mm","10.4mm","86.925mm","10.4mm","T","360.00","10M"
"R43","0805","87.8mm","12.5mm","87.8mm","12.5mm","88.675mm","12.5mm","T","180.00","10M"
"R44","0805","84.4mm","24.5mm","84.4mm","24.5mm","84.4mm","25.375mm","T","270.00","1R"
"R45","0805","82mm","24.5mm","82mm","24.5mm","82mm","25.375mm","T","270.00","1R"
"R46","0603","90.6mm","18.2mm","90.6mm","18.2mm","91.45mm","18.2mm","T","180.00","130K"
"R47","0402","92mm","11.1mm","92mm","11.1mm","92mm","11.6mm","T","270.00","10k"
"R48","0402","69.3mm","-7mm","69.3mm","-7mm","68.8mm","-7mm","T","360.00","10k"
"J12","662016230822","18.76mm","0mm","21.5mm","0mm","19.19mm","-10.5mm","T","270.00","662016230822"
"C37","C-0805","59mm","5.2mm","59mm","5.2mm","59.875mm","5.2mm","T","180.00","100nF"
"C38","C0402","67.5mm","-2.6mm","67.5mm","-2.6mm","68mm","-2.6mm","T","180.00","1uF"
"C39","C0402","67.5mm","-3.6mm","67.5mm","-3.6mm","68mm","-3.6mm","T","180.00","1uF"
"D18","SOD123","83.7mm","0.5mm","83.7mm","0.5mm","83.7mm","-1.175mm","T","90.00","BZT52C16"
"D19","SOD123","89.4mm","6.5mm","89.4mm","6.5mm","89.4mm","8.175mm","T","270.00","1N4148W"
"D20","SOD123W","63.1mm","9.1mm","63.1mm","9.1mm","64.5mm","9.1mm","T","180.00","BZT52H-C62"
"D21","SOD-323","64.4mm","6mm","64.4mm","6mm","64.4mm","4.875mm","T","90.00","BAT54"
"D22","SOD-323","61.5mm","6mm","61.5mm","6mm","61.5mm","4.875mm","T","90.00","BAT54"
"D23_CELL1","SOD-323","50.8mm","-25.6mm","50.8mm","-25.6mm","50.8mm","-26.725mm","T","90.00","PDZ7.5B"
"D23_CELL2","SOD-323","50.8mm","-21mm","50.8mm","-21mm","50.8mm","-22.125mm","T","90.00","PDZ7.5B"
"D23_CELL3","SOD-323","50.8mm","-16.4mm","50.8mm","-16.4mm","50.8mm","-17.525mm","T","90.00","PDZ7.5B"
"D23_CELL4","SOD-323","50.8mm","-11.8mm","50.8mm","-11.8mm","50.8mm","-12.925mm","T","90.00","PDZ7.5B"
"D23_CELL5","SOD-323","50.8mm","-7.2mm","50.8mm","-7.2mm","50.8mm","-8.325mm","T","90.00","PDZ7.5B"
"D23_CELL6","SOD-323","50.8mm","-2.6mm","50.8mm","-2.6mm","50.8mm","-3.725mm","T","90.00","PDZ7.5B"
"D23_CELL7","SOD-323","50.8mm","2mm","50.8mm","2mm","50.8mm","0.875mm","T","90.00","PDZ7.5B"
"D23_CELL8","SOD-323","50.8mm","6.6mm","50.8mm","6.6mm","50.8mm","5.475mm","T","90.00","PDZ7.5B"
"D23_CELL9","SOD-323","50.8mm","11.2mm","50.8mm","11.2mm","50.8mm","10.075mm","T","90.00","PDZ7.5B"
"D23_CELL10","SOD-323","50.8mm","15.8mm","50.8mm","15.8mm","50.8mm","14.675mm","T","90.00","PDZ7.5B"
"D23_CELL11","SOD-323","50.8mm","20.4mm","50.8mm","20.4mm","50.8mm","19.275mm","T","90.00","PDZ7.5B"
"D23_CELL12","SOD-323","50.8mm","25mm","50.8mm","25mm","50.8mm","23.875mm","T","90.00","PDZ7.5B"
"L2","L0603","63mm","11mm","63mm","11mm","63.85mm","11mm","T","180.00","BLM18PG330SN1D"
"R12","0402","87.2mm","3.2mm","87.2mm","3.2mm","87.2mm","2.7mm","T","90.00","10k"
"R50","0402","67.5mm","-5.6mm","67.5mm","-5.6mm","68mm","-5.6mm","T","180.00","10k"
"R51","0402","67.5mm","-4.6mm","67.5mm","-4.6mm","68mm","-4.6mm","T","180.00","10k"
"R52","0603","20.2mm","-13.8mm","20.2mm","-13.8mm","20.2mm","-14.65mm","T","90.00","0R"
"R53","0402","82.1mm","8.2mm","82.1mm","8.2mm","82.1mm","8.7mm","T","270.00","10k"
"R54","0402","58.5mm","-18.3mm","58.5mm","-18.3mm","58.5mm","-17.8mm","T","270.00","10k"
"R55","0805","95mm","27.5mm","95mm","27.5mm","94.125mm","27.5mm","T","360.00","1R"
"R56","0603","51.7mm","-28.3mm","51.7mm","-28.3mm","52.55mm","-28.3mm","T","180.00","0R"
"R57","0402","67.5mm","-1.6mm","67.5mm","-1.6mm","67mm","-1.6mm","T","360.00","1M"
"R58","0402","67.5mm","-0.6mm","67.5mm","-0.6mm","67mm","-0.6mm","T","360.00","1M"
"R59","0402","67.5mm","0.4mm","67.5mm","0.4mm","67mm","0.4mm","T","360.00","1M"
"R60","0402","67.5mm","1.5mm","67.5mm","1.5mm","67mm","1.5mm","T","360.00","1M"
"R61","0402","67.5mm","2.5mm","67.5mm","2.5mm","67mm","2.5mm","T","360.00","1M"
"R62","0402","67.5mm","4.5mm","67.5mm","4.5mm","67mm","4.5mm","T","360.00","1M"
"R63","0603","59mm","7mm","59mm","7mm","59.85mm","7mm","T","180.00","100R"
"R64","0603","61.5mm","-8.3mm","61.5mm","-8.3mm","60.65mm","-8.3mm","T","360.00","0R"
"R66","0402","67.5mm","3.5mm","67.5mm","3.5mm","67mm","3.5mm","T","360.00","1.5k"
"C40","C0402","69.9mm","-5.6mm","69.9mm","-5.6mm","70.4mm","-5.6mm","T","180.00","100nF"
"C41","C0402","69.9mm","-4.6mm","69.9mm","-4.6mm","70.4mm","-4.6mm","T","180.00","100nF"
"R65","0603","20.2mm","13.8mm","20.2mm","13.8mm","20.2mm","14.65mm","T","270.00","0R"
"C17","C0402","57.4mm","-18.3mm","57.4mm","-18.3mm","57.4mm","-18.8mm","T","90.00","100nF"

